轮次,累计耗时/秒,总损失,监督损失,一致性损失,测试准确率,精确率,召回率,F1分数,
1,29.39,3.837987,2.914247,0.46187,0.353591,0.304061,0.155103,0.150284,
2,51.52,2.870518,1.553786,0.658366,0.640884,0.528983,0.446367,0.434567,123
3,86.67,2.410192,0.973467,0.718362,0.773481,0.58791,0.603198,0.563043,
4,122.24,2.060564,0.708821,0.675872,0.804788,0.696869,0.69967,0.679509,
5,150.79,1.716131,0.530606,0.592762,0.837937,0.716108,0.7507,0.715058,
6,172.02,1.529693,0.421053,0.55432,0.848987,0.736544,0.749621,0.725213,
7,193.89,1.332806,0.327792,0.502507,0.869245,0.760237,0.804371,0.768404,
8,215.69,1.223992,0.263423,0.480285,0.867403,0.769432,0.804939,0.774435,
9,237.1,1.226131,0.247148,0.489491,0.867403,0.779859,0.806299,0.776258,
10,267.17,1.200417,0.229275,0.485571,0.876611,0.758547,0.805948,0.769965,
11,302.66,1.101434,0.178034,0.4617,0.882136,0.770501,0.794817,0.770004,
12,336.92,1.052792,0.14239,0.455201,0.887661,0.807254,0.823113,0.793926,
13,371.43,1.04577,0.142707,0.451532,0.898711,0.819108,0.828643,0.80506,
14,405.8,1.003922,0.130867,0.436527,0.893186,0.811187,0.825935,0.798033,
15,440.09,0.948743,0.105841,0.421451,0.896869,0.831542,0.838551,0.813836,
16,474.04,0.943891,0.11175,0.41607,0.898711,0.835993,0.852806,0.82628,
17,508.54,0.89511,0.10221,0.39645,0.891344,0.839922,0.848609,0.822606,
18,542.57,0.914566,0.094923,0.409821,0.898711,0.851982,0.861261,0.835915,
19,576.51,0.786907,0.092151,0.347378,0.898711,0.861866,0.859899,0.837658,
20,610.57,0.966742,0.078013,0.444364,0.896869,0.869925,0.861629,0.848396,
21,644.51,0.864737,0.073623,0.395557,0.904236,0.877645,0.865233,0.851445,
22,678.52,0.999924,0.083587,0.458169,0.902394,0.859618,0.855679,0.842136,
23,712.48,0.747732,0.065066,0.341333,0.907919,0.852588,0.871813,0.845741,
24,746.39,0.888465,0.057619,0.415423,0.913444,0.874443,0.870404,0.853686,
25,780.43,0.887057,0.066234,0.410411,0.898711,0.858692,0.856659,0.83442,
26,814.23,0.816774,0.070668,0.373053,0.906077,0.869454,0.868022,0.849087,
27,848.02,0.863996,0.063856,0.40007,0.907919,0.8573,0.863746,0.838747,
28,881.93,0.882585,0.060186,0.4112,0.904236,0.863086,0.870942,0.853315,
29,915.67,0.863804,0.068354,0.397725,0.907919,0.856193,0.86927,0.848606,
30,949.59,0.911759,0.069588,0.421086,0.907919,0.85814,0.874003,0.848119,
