轮次,累计耗时/秒,总损失,监督损失,一致性损失,测试准确率,精确率,召回率,F1分数
1,32.05,1.538966,1.538966,1.083901,0.752026,0.749725,0.683145,0.682986
2,65.01,0.752271,0.583762,0.842544,0.791621,0.772355,0.735406,0.731178
3,97.37,0.697219,0.393548,0.759175,0.82477,0.817972,0.773035,0.777369
4,129.52,0.676176,0.284155,0.653369,0.83582,0.809733,0.812523,0.802799
5,162.12,0.720519,0.235555,0.606205,0.841344,0.840925,0.812039,0.813319
6,194.89,0.819761,0.19563,0.624131,0.851473,0.834603,0.831198,0.821285
7,227.75,0.852322,0.17969,0.560526,0.829374,0.8201,0.802708,0.797632
8,260.61,0.984903,0.159827,0.58934,0.852394,0.845044,0.823912,0.826468
9,293.78,1.072373,0.13994,0.582771,0.856998,0.846548,0.836539,0.833787
10,327.83,1.105616,0.12766,0.543309,0.857919,0.849383,0.837972,0.836066
11,361.04,1.194425,0.126414,0.534006,0.856077,0.849534,0.841391,0.837642
12,393.85,1.083224,0.112236,0.485494,0.857919,0.845136,0.850428,0.839128
13,427.32,1.169817,0.108581,0.530618,0.865285,0.860153,0.853708,0.848595
14,460.52,1.10286,0.096668,0.503096,0.866206,0.849599,0.853629,0.844382
15,493.8,1.190064,0.099369,0.545348,0.861602,0.849423,0.849816,0.839321
16,527.03,1.079706,0.08985,0.494928,0.864365,0.852208,0.845448,0.8375
17,560.3,1.021184,0.084712,0.468236,0.865285,0.854924,0.852863,0.846031
18,593.31,1.034958,0.078765,0.478097,0.878177,0.864405,0.871554,0.864468
19,626.4,1.01244,0.073865,0.469288,0.866206,0.854264,0.85238,0.845234
20,659.02,1.094707,0.068153,0.513277,0.866206,0.846871,0.857669,0.843303
21,692.7,1.084262,0.07201,0.506126,0.867127,0.85215,0.856636,0.845229
22,726.08,0.975523,0.061967,0.456778,0.876335,0.868192,0.867908,0.862441
23,759.45,0.926762,0.06637,0.430196,0.868048,0.853168,0.860738,0.849024
24,792.66,0.921729,0.064783,0.428473,0.875414,0.858595,0.866554,0.856577
25,825.91,0.941765,0.058741,0.441512,0.877256,0.860803,0.867891,0.858533
26,858.72,1.047079,0.058325,0.494377,0.880939,0.867415,0.874081,0.86547
27,891.18,0.983271,0.05965,0.46181,0.878177,0.862464,0.870411,0.861311
28,924.92,0.976545,0.049792,0.463377,0.877256,0.865857,0.867583,0.860692
29,958.06,0.873774,0.057879,0.407948,0.880018,0.867001,0.870284,0.864389
30,991.42,0.957298,0.058135,0.449581,0.880939,0.868264,0.873032,0.867029
