轮次,累计耗时/秒,监督损失,测试准确率,精确率,召回率,F1分数
1,68.91,2.145468,0.675527,0.567313,0.515098,0.509337
2,136.76,0.902216,0.780582,0.759663,0.672956,0.674769
3,205.46,0.531703,0.817135,0.786397,0.748659,0.756213
4,268.56,0.366861,0.83426,0.823088,0.790077,0.792337
5,326.49,0.265326,0.843652,0.830684,0.810874,0.814854
6,396.39,0.208466,0.848808,0.84036,0.828601,0.832966
7,466.15,0.166274,0.856634,0.848812,0.839983,0.842867
8,535.88,0.124861,0.855621,0.846755,0.842005,0.842829
9,605.5,0.102633,0.85958,0.851722,0.845397,0.847284
10,670.75,0.095482,0.861237,0.851526,0.846379,0.848043
11,711.57,0.068458,0.862158,0.853058,0.849019,0.849725
12,751.07,0.061034,0.861882,0.857307,0.847542,0.851122
13,790.38,0.048748,0.865565,0.858571,0.854183,0.855757
14,829.83,0.049981,0.863815,0.853284,0.855295,0.853338
15,870.71,0.039891,0.866578,0.857631,0.85559,0.85607
16,912.95,0.032016,0.863263,0.856653,0.851013,0.852547
17,956.29,0.029986,0.865105,0.858558,0.853537,0.855076
18,1007.86,0.026125,0.867038,0.859487,0.855867,0.857317
19,1047.41,0.026761,0.868051,0.85971,0.856609,0.857784
20,1086.42,0.022065,0.868603,0.863467,0.857989,0.860385
21,1125.54,0.024175,0.86713,0.85982,0.855684,0.857152
22,1164.29,0.020467,0.864644,0.85772,0.854346,0.855344
23,1203.08,0.017905,0.868235,0.860381,0.857804,0.858498
24,1241.52,0.01484,0.868972,0.86351,0.858187,0.860316
25,1279.92,0.022945,0.866762,0.859039,0.855276,0.856799
26,1317.97,0.023034,0.866946,0.859478,0.854586,0.856507
27,1355.85,0.016486,0.868143,0.860164,0.85709,0.85818
28,1393.59,0.01488,0.865657,0.860393,0.854645,0.856892
29,1431.59,0.018903,0.867314,0.857347,0.856913,0.856643
30,1469.87,0.016256,0.868695,0.860446,0.856464,0.858002
